id,school_name,online_school,category,date_created,lottery,country,sync_date
759,Universtity of725,0,10,2019-09-07 00:00:00,11,US,2019-09-08 00:00:00
483,Universtity of1398,1,8,2019-07-19 00:00:00,19,US,2019-07-20 00:00:00
433,Universtity of693,1,10,2019-07-01 00:00:00,5,US,2019-07-02 00:00:00
728,Universtity of1104,1,9,2019-04-02 00:00:00,3,US,2019-04-03 00:00:00
451,Universtity of498,1,4,2019-02-17 00:00:00,10,US,2019-02-18 00:00:00
420,Universtity of1061,0,8,2019-05-24 00:00:00,28,US,2019-05-25 00:00:00
777,Universtity of157,1,3,2019-06-19 00:00:00,4,US,2019-06-20 00:00:00
755,Universtity of1098,0,3,2019-08-28 00:00:00,2,US,2019-08-29 00:00:00
606,Universtity of763,0,7,2019-02-11 00:00:00,21,US,2019-02-12 00:00:00
488,Universtity of1354,1,9,2019-05-09 00:00:00,5,US,2019-05-10 00:00:00
201,Universtity of817,0,0,2019-03-06 00:00:00,27,US,2019-03-07 00:00:00
519,Universtity of345,0,7,2019-10-25 00:00:00,22,US,2019-10-26 00:00:00
712,Universtity of253,1,0,2019-08-31 00:00:00,26,US,2019-09-01 00:00:00
187,Universtity of563,0,1,2019-06-03 00:00:00,20,US,2019-06-04 00:00:00
63,Universtity of560,0,4,2019-02-18 00:00:00,21,US,2019-02-19 00:00:00
641,Universtity of1212,0,1,2019-10-05 00:00:00,26,US,2019-10-06 00:00:00
717,Universtity of175,0,6,2019-02-28 00:00:00,26,US,2019-03-01 00:00:00
179,Universtity of634,1,3,2019-02-09 00:00:00,16,US,2019-02-10 00:00:00
553,Universtity of1065,1,10,2019-03-27 00:00:00,1,US,2019-03-28 00:00:00
455,Universtity of1258,1,4,2019-01-06 00:00:00,3,US,2019-01-07 00:00:00
40,Universtity of1245,0,4,2019-08-14 00:00:00,1,US,2019-08-15 00:00:00
204,Universtity of845,1,8,2019-10-14 00:00:00,23,US,2019-10-15 00:00:00
191,Universtity of652,1,7,2019-02-03 00:00:00,2,US,2019-02-04 00:00:00
707,Universtity of88,0,3,2019-05-04 00:00:00,20,US,2019-05-05 00:00:00
264,Universtity of679,0,0,2019-05-02 00:00:00,7,US,2019-05-03 00:00:00
647,Universtity of1051,0,2,2019-06-20 00:00:00,24,US,2019-06-21 00:00:00
229,Universtity of1237,0,5,2019-06-03 00:00:00,13,US,2019-06-04 00:00:00
172,Universtity of449,1,3,2019-10-15 00:00:00,11,US,2019-10-16 00:00:00
298,Universtity of1266,0,2,2019-10-12 00:00:00,3,US,2019-10-13 00:00:00
361,Universtity of65,0,2,2019-02-22 00:00:00,25,US,2019-02-23 00:00:00
651,Universtity of488,1,0,2019-10-22 00:00:00,16,US,2019-10-23 00:00:00
774,Universtity of915,1,0,2019-06-29 00:00:00,12,US,2019-06-30 00:00:00
151,Universtity of761,0,5,2019-08-18 00:00:00,15,US,2019-08-19 00:00:00
464,Universtity of34,1,7,2019-04-28 00:00:00,2,US,2019-04-29 00:00:00
148,Universtity of1308,0,6,2019-03-08 00:00:00,11,US,2019-03-09 00:00:00
408,Universtity of1385,0,0,2019-07-14 00:00:00,2,US,2019-07-15 00:00:00
347,Universtity of615,0,5,2019-03-18 00:00:00,9,US,2019-03-19 00:00:00
250,Universtity of708,0,2,2019-08-21 00:00:00,0,US,2019-08-22 00:00:00
50,Universtity of1181,1,4,2019-01-24 00:00:00,1,US,2019-01-25 00:00:00
295,Universtity of1015,1,5,2019-06-25 00:00:00,5,US,2019-06-26 00:00:00
55,Universtity of1389,0,4,2019-05-18 00:00:00,8,US,2019-05-19 00:00:00
743,Universtity of1311,0,10,2019-10-03 00:00:00,4,US,2019-10-04 00:00:00
130,Universtity of501,0,1,2019-01-31 00:00:00,1,US,2019-02-01 00:00:00
789,Universtity of346,1,8,2019-05-01 00:00:00,8,US,2019-05-02 00:00:00
698,Universtity of188,1,9,2019-06-23 00:00:00,24,US,2019-06-24 00:00:00
237,Universtity of725,1,6,2019-08-13 00:00:00,22,US,2019-08-14 00:00:00
484,Universtity of1172,0,10,2019-02-09 00:00:00,28,US,2019-02-10 00:00:00
845,Universtity of312,1,10,2019-07-30 00:00:00,14,US,2019-07-31 00:00:00
536,Universtity of762,1,3,2019-09-10 00:00:00,24,US,2019-09-11 00:00:00
828,Universtity of1185,1,6,2019-04-12 00:00:00,16,US,2019-04-13 00:00:00
321,Universtity of705,1,10,2019-02-03 00:00:00,21,US,2019-02-04 00:00:00
656,Universtity of1151,1,2,2019-04-25 00:00:00,7,US,2019-04-26 00:00:00
205,Universtity of1337,1,3,2019-07-19 00:00:00,2,US,2019-07-20 00:00:00
621,Universtity of1135,1,10,2019-04-07 00:00:00,5,US,2019-04-08 00:00:00
42,Universtity of873,0,4,2019-06-24 00:00:00,17,US,2019-06-25 00:00:00
157,Universtity of1131,0,2,2019-06-20 00:00:00,24,US,2019-06-21 00:00:00
787,Universtity of771,1,0,2019-10-26 00:00:00,14,US,2019-10-27 00:00:00
678,Universtity of592,1,6,2019-09-24 00:00:00,28,US,2019-09-25 00:00:00
154,Universtity of273,1,2,2019-02-04 00:00:00,21,US,2019-02-05 00:00:00
726,Universtity of494,1,10,2019-01-19 00:00:00,14,US,2019-01-20 00:00:00
720,Universtity of1295,0,7,2019-03-03 00:00:00,6,US,2019-03-04 00:00:00
275,Universtity of579,1,10,2019-05-03 00:00:00,19,US,2019-05-04 00:00:00
750,Universtity of232,1,4,2019-08-31 00:00:00,19,US,2019-09-01 00:00:00
409,Universtity of815,1,2,2019-05-10 00:00:00,29,US,2019-05-11 00:00:00
192,Universtity of956,1,10,2019-06-20 00:00:00,0,US,2019-06-21 00:00:00
49,Universtity of947,0,3,2019-01-27 00:00:00,12,US,2019-01-28 00:00:00
198,Universtity of501,0,0,2019-02-02 00:00:00,20,US,2019-02-03 00:00:00
751,Universtity of512,1,2,2019-05-02 00:00:00,4,US,2019-05-03 00:00:00
537,Universtity of606,1,6,2019-05-05 00:00:00,14,US,2019-05-06 00:00:00
739,Universtity of1029,1,5,2019-02-09 00:00:00,12,US,2019-02-10 00:00:00
611,Universtity of907,0,8,2019-01-25 00:00:00,17,US,2019-01-26 00:00:00
763,Universtity of350,1,1,2019-05-22 00:00:00,13,US,2019-05-23 00:00:00
577,Universtity of267,0,8,2019-02-12 00:00:00,16,US,2019-02-13 00:00:00
704,Universtity of885,0,3,2019-06-01 00:00:00,13,US,2019-06-02 00:00:00
653,Universtity of1346,0,3,2019-04-03 00:00:00,5,US,2019-04-04 00:00:00
254,Universtity of54,1,9,2019-10-06 00:00:00,12,US,2019-10-07 00:00:00
313,Universtity of407,0,3,2019-05-23 00:00:00,11,US,2019-05-24 00:00:00
93,Universtity of269,0,5,2019-09-09 00:00:00,4,US,2019-09-10 00:00:00
813,Universtity of651,1,1,2019-02-28 00:00:00,14,US,2019-03-01 00:00:00
436,Universtity of1175,0,1,2019-01-09 00:00:00,20,US,2019-01-10 00:00:00
379,Universtity of810,1,9,2019-09-22 00:00:00,6,US,2019-09-23 00:00:00
255,Universtity of228,1,1,2019-08-31 00:00:00,6,US,2019-09-01 00:00:00
273,Universtity of1065,0,4,2019-01-22 00:00:00,20,US,2019-01-23 00:00:00
83,Universtity of1012,1,5,2019-01-28 00:00:00,22,US,2019-01-29 00:00:00
112,Universtity of367,0,6,2019-03-31 00:00:00,8,US,2019-04-01 00:00:00
7,Universtity of429,0,9,2019-02-27 00:00:00,0,US,2019-02-28 00:00:00
581,Universtity of864,1,7,2019-10-07 00:00:00,4,US,2019-10-08 00:00:00
472,Universtity of1227,0,9,2019-07-14 00:00:00,14,US,2019-07-15 00:00:00
94,Universtity of767,1,9,2019-04-19 00:00:00,19,US,2019-04-20 00:00:00
608,Universtity of405,0,7,2019-04-05 00:00:00,9,US,2019-04-06 00:00:00
453,Universtity of691,1,3,2019-10-01 00:00:00,11,US,2019-10-02 00:00:00
440,Universtity of902,1,2,2019-03-01 00:00:00,6,US,2019-03-02 00:00:00
105,Universtity of684,1,5,2019-03-16 00:00:00,25,US,2019-03-17 00:00:00
173,Universtity of502,0,0,2019-05-12 00:00:00,18,US,2019-05-13 00:00:00
113,Universtity of776,0,8,2019-06-24 00:00:00,13,US,2019-06-25 00:00:00
615,Universtity of475,1,7,2019-03-16 00:00:00,16,US,2019-03-17 00:00:00
731,Universtity of1167,1,10,2019-01-28 00:00:00,27,US,2019-01-29 00:00:00
158,Universtity of994,1,4,2019-05-12 00:00:00,5,US,2019-05-13 00:00:00
452,Universtity of353,1,4,2019-02-20 00:00:00,29,US,2019-02-21 00:00:00
270,Universtity of16,1,0,2019-03-01 00:00:00,17,US,2019-03-02 00:00:00
376,Universtity of869,0,3,2019-03-17 00:00:00,12,US,2019-03-18 00:00:00
680,Universtity of605,1,1,2019-08-12 00:00:00,17,US,2019-08-13 00:00:00
227,Universtity of544,0,8,2019-10-09 00:00:00,19,US,2019-10-10 00:00:00
335,Universtity of382,0,4,2019-09-18 00:00:00,12,US,2019-09-19 00:00:00
817,Universtity of222,0,9,2019-08-31 00:00:00,14,US,2019-09-01 00:00:00
734,Universtity of940,0,6,2019-04-23 00:00:00,6,US,2019-04-24 00:00:00
823,Universtity of621,0,5,2019-03-09 00:00:00,12,US,2019-03-10 00:00:00
456,Universtity of287,0,5,2019-03-12 00:00:00,0,US,2019-03-13 00:00:00
194,Universtity of1178,1,9,2019-01-03 00:00:00,16,US,2019-01-04 00:00:00
344,Universtity of1204,0,9,2019-01-22 00:00:00,28,US,2019-01-23 00:00:00
164,Universtity of945,0,7,2019-01-30 00:00:00,10,US,2019-01-31 00:00:00
53,Universtity of95,1,5,2019-06-01 00:00:00,17,US,2019-06-02 00:00:00
200,Universtity of73,0,0,2019-03-01 00:00:00,28,US,2019-03-02 00:00:00
806,Universtity of1093,1,5,2019-07-12 00:00:00,5,US,2019-07-13 00:00:00
28,Universtity of909,1,7,2019-06-27 00:00:00,29,US,2019-06-28 00:00:00
790,Universtity of208,0,3,2019-02-24 00:00:00,29,US,2019-02-25 00:00:00
785,Universtity of1377,0,10,2019-06-04 00:00:00,15,US,2019-06-05 00:00:00
203,Universtity of253,0,8,2019-06-30 00:00:00,8,US,2019-07-01 00:00:00
33,Universtity of1102,1,3,2019-07-04 00:00:00,4,US,2019-07-05 00:00:00
182,Universtity of204,1,0,2019-01-12 00:00:00,23,US,2019-01-13 00:00:00
614,Universtity of190,1,4,2019-08-14 00:00:00,12,US,2019-08-15 00:00:00
348,Universtity of591,1,5,2019-07-26 00:00:00,15,US,2019-07-27 00:00:00
310,Universtity of1304,1,10,2019-08-31 00:00:00,5,US,2019-09-01 00:00:00
560,Universtity of1306,0,3,2019-08-04 00:00:00,17,US,2019-08-05 00:00:00
485,Universtity of336,1,5,2019-04-27 00:00:00,4,US,2019-04-28 00:00:00
345,Universtity of344,1,0,2019-02-26 00:00:00,29,US,2019-02-27 00:00:00
786,Universtity of1255,1,0,2019-07-02 00:00:00,14,US,2019-07-03 00:00:00
539,Universtity of429,1,4,2019-08-23 00:00:00,4,US,2019-08-24 00:00:00
211,Universtity of508,1,10,2019-01-14 00:00:00,17,US,2019-01-15 00:00:00
393,Universtity of974,0,8,2019-09-01 00:00:00,7,US,2019-09-02 00:00:00
690,Universtity of859,0,3,2019-05-31 00:00:00,25,US,2019-06-01 00:00:00
765,Universtity of424,0,3,2019-03-08 00:00:00,24,US,2019-03-09 00:00:00
188,Universtity of857,1,0,2019-02-19 00:00:00,4,US,2019-02-20 00:00:00
676,Universtity of1103,1,8,2019-07-11 00:00:00,82,UK,2019-07-12 00:00:00
439,Universtity of71,1,3,2019-07-23 00:00:00,89,UK,2019-07-24 00:00:00
284,Universtity of1018,1,2,2019-05-11 00:00:00,63,UK,2019-05-12 00:00:00
601,Universtity of850,1,2,2019-05-28 00:00:00,64,UK,2019-05-29 00:00:00
68,Universtity of434,1,5,2019-02-07 00:00:00,82,UK,2019-02-08 00:00:00
70,Universtity of847,1,2,2019-03-01 00:00:00,62,UK,2019-03-02 00:00:00
764,Universtity of80,0,5,2019-05-06 00:00:00,81,UK,2019-05-07 00:00:00
599,Universtity of306,1,1,2019-08-25 00:00:00,80,UK,2019-08-26 00:00:00
810,Universtity of964,1,1,2019-07-11 00:00:00,83,UK,2019-07-12 00:00:00
766,Universtity of204,1,2,2019-09-12 00:00:00,69,UK,2019-09-13 00:00:00
808,Universtity of1384,0,1,2019-08-28 00:00:00,89,UK,2019-08-29 00:00:00
773,Universtity of938,1,10,2019-03-27 00:00:00,72,UK,2019-03-28 00:00:00
772,Universtity of1127,0,1,2019-03-04 00:00:00,68,UK,2019-03-05 00:00:00
419,Universtity of300,0,6,2019-06-01 00:00:00,84,UK,2019-06-02 00:00:00
799,Universtity of866,1,3,2019-03-28 00:00:00,68,UK,2019-03-29 00:00:00
507,Universtity of1170,0,8,2019-03-15 00:00:00,73,UK,2019-03-16 00:00:00
245,Universtity of1161,1,4,2019-03-17 00:00:00,85,UK,2019-03-18 00:00:00
735,Universtity of644,0,2,2019-05-05 00:00:00,79,UK,2019-05-06 00:00:00
673,Universtity of524,0,2,2019-02-25 00:00:00,87,UK,2019-02-26 00:00:00
396,Universtity of146,0,10,2019-02-04 00:00:00,65,UK,2019-02-05 00:00:00
388,Universtity of585,1,0,2019-07-24 00:00:00,77,UK,2019-07-25 00:00:00
619,Universtity of469,1,4,2019-10-06 00:00:00,82,UK,2019-10-07 00:00:00
103,Universtity of541,0,4,2019-02-25 00:00:00,67,UK,2019-02-26 00:00:00
490,Universtity of1255,0,1,2019-08-27 00:00:00,81,UK,2019-08-28 00:00:00
825,Universtity of228,0,3,2019-08-11 00:00:00,62,UK,2019-08-12 00:00:00
353,Universtity of1044,1,8,2019-10-22 00:00:00,68,UK,2019-10-23 00:00:00
256,Universtity of957,0,6,2019-07-17 00:00:00,67,UK,2019-07-18 00:00:00
849,Universtity of1364,0,2,2019-07-16 00:00:00,61,UK,2019-07-17 00:00:00
515,Universtity of757,1,7,2019-05-05 00:00:00,83,UK,2019-05-06 00:00:00
847,Universtity of1284,0,4,2019-10-11 00:00:00,62,UK,2019-10-12 00:00:00
265,Universtity of181,1,5,2019-06-05 00:00:00,79,UK,2019-06-06 00:00:00
403,Universtity of507,0,7,2019-05-07 00:00:00,87,UK,2019-05-08 00:00:00
832,Universtity of1036,0,8,2019-02-26 00:00:00,64,UK,2019-02-27 00:00:00
556,Universtity of1094,0,1,2019-09-29 00:00:00,75,UK,2019-09-30 00:00:00
333,Universtity of1348,1,4,2019-06-19 00:00:00,84,UK,2019-06-20 00:00:00
410,Universtity of220,1,2,2019-04-28 00:00:00,68,UK,2019-04-29 00:00:00
675,Universtity of382,0,6,2019-07-08 00:00:00,60,UK,2019-07-09 00:00:00
516,Universtity of1038,0,4,2019-03-26 00:00:00,75,UK,2019-03-27 00:00:00
635,Universtity of686,1,5,2019-02-07 00:00:00,70,UK,2019-02-08 00:00:00
788,Universtity of852,1,10,2019-07-17 00:00:00,82,UK,2019-07-18 00:00:00
760,Universtity of1160,1,0,2019-08-28 00:00:00,85,UK,2019-08-29 00:00:00
780,Universtity of1055,1,4,2019-05-12 00:00:00,65,UK,2019-05-13 00:00:00
212,Universtity of554,1,1,2019-05-29 00:00:00,70,UK,2019-05-30 00:00:00
266,Universtity of656,0,10,2019-06-15 00:00:00,89,UK,2019-06-16 00:00:00
669,Universtity of258,1,5,2019-05-27 00:00:00,77,UK,2019-05-28 00:00:00
51,Universtity of754,1,7,2019-02-07 00:00:00,86,UK,2019-02-08 00:00:00
699,Universtity of1291,1,4,2019-09-26 00:00:00,81,UK,2019-09-27 00:00:00
102,Universtity of284,1,10,2019-10-03 00:00:00,66,UK,2019-10-04 00:00:00
532,Universtity of772,0,0,2019-01-14 00:00:00,71,UK,2019-01-15 00:00:00
373,Universtity of833,1,9,2019-01-26 00:00:00,72,UK,2019-01-27 00:00:00
757,Universtity of742,0,9,2019-10-06 00:00:00,81,UK,2019-10-07 00:00:00
505,Universtity of528,0,9,2019-09-19 00:00:00,72,UK,2019-09-20 00:00:00
185,Universtity of1187,1,3,2019-09-19 00:00:00,70,UK,2019-09-20 00:00:00
650,Universtity of688,0,7,2019-08-25 00:00:00,68,UK,2019-08-26 00:00:00
758,Universtity of209,0,5,2019-07-29 00:00:00,73,UK,2019-07-30 00:00:00
214,Universtity of66,1,7,2019-08-11 00:00:00,62,UK,2019-08-12 00:00:00
352,Universtity of703,0,1,2019-05-08 00:00:00,75,UK,2019-05-09 00:00:00
468,Universtity of1340,1,3,2019-09-14 00:00:00,67,UK,2019-09-15 00:00:00
128,Universtity of250,0,6,2019-02-07 00:00:00,65,UK,2019-02-08 00:00:00
578,Universtity of696,0,4,2019-01-11 00:00:00,84,UK,2019-01-12 00:00:00
815,Universtity of671,1,2,2019-07-26 00:00:00,64,UK,2019-07-27 00:00:00
36,Universtity of229,0,5,2019-04-10 00:00:00,67,UK,2019-04-11 00:00:00
682,Universtity of1322,0,3,2019-02-19 00:00:00,81,UK,2019-02-20 00:00:00
492,Universtity of1109,0,1,2019-02-13 00:00:00,79,UK,2019-02-14 00:00:00
533,Universtity of814,1,10,2019-09-14 00:00:00,79,UK,2019-09-15 00:00:00
177,Universtity of775,1,2,2019-05-24 00:00:00,74,UK,2019-05-25 00:00:00
779,Universtity of1265,0,2,2019-06-06 00:00:00,72,UK,2019-06-07 00:00:00
80,Universtity of666,1,6,2019-07-26 00:00:00,68,UK,2019-07-27 00:00:00
691,Universtity of1299,1,5,2019-05-19 00:00:00,62,UK,2019-05-20 00:00:00
576,Universtity of1116,1,9,2019-03-06 00:00:00,74,UK,2019-03-07 00:00:00
585,Universtity of1381,0,8,2019-04-24 00:00:00,83,UK,2019-04-25 00:00:00
582,Universtity of1367,1,3,2019-08-02 00:00:00,77,UK,2019-08-03 00:00:00
636,Universtity of764,1,9,2019-07-03 00:00:00,76,UK,2019-07-04 00:00:00
479,Universtity of387,1,0,2019-03-23 00:00:00,66,UK,2019-03-24 00:00:00
325,Universtity of883,1,8,2019-05-23 00:00:00,68,UK,2019-05-24 00:00:00
186,Universtity of114,1,10,2019-08-09 00:00:00,84,UK,2019-08-10 00:00:00
202,Universtity of980,1,7,2019-09-07 00:00:00,84,UK,2019-09-08 00:00:00
98,Universtity of922,0,9,2019-09-05 00:00:00,77,UK,2019-09-06 00:00:00
395,Universtity of1355,1,2,2019-04-21 00:00:00,82,UK,2019-04-22 00:00:00
296,Universtity of645,0,7,2019-08-13 00:00:00,81,UK,2019-08-14 00:00:00
380,Universtity of331,1,1,2019-03-10 00:00:00,62,UK,2019-03-11 00:00:00
649,Universtity of597,0,9,2019-10-16 00:00:00,85,UK,2019-10-17 00:00:00
565,Universtity of329,0,5,2019-10-15 00:00:00,65,UK,2019-10-16 00:00:00
511,Universtity of1052,1,9,2019-03-26 00:00:00,80,UK,2019-03-27 00:00:00
744,Universtity of551,1,1,2019-03-30 00:00:00,79,UK,2019-03-31 00:00:00
543,Universtity of294,0,0,2019-04-17 00:00:00,86,UK,2019-04-18 00:00:00
449,Universtity of75,1,8,2019-03-25 00:00:00,86,UK,2019-03-26 00:00:00
43,Universtity of1113,0,6,2019-02-17 00:00:00,69,UK,2019-02-18 00:00:00
25,Universtity of1281,1,3,2019-01-21 00:00:00,70,UK,2019-01-22 00:00:00
549,Universtity of1005,1,2,2019-04-06 00:00:00,86,UK,2019-04-07 00:00:00
463,Universtity of93,0,3,2019-05-27 00:00:00,74,UK,2019-05-28 00:00:00
190,Universtity of314,0,8,2019-02-05 00:00:00,79,UK,2019-02-06 00:00:00
809,Universtity of1129,0,10,2019-08-22 00:00:00,78,UK,2019-08-23 00:00:00
342,Universtity of1201,0,10,2019-10-16 00:00:00,64,UK,2019-10-17 00:00:00
244,Universtity of894,1,7,2019-08-04 00:00:00,70,UK,2019-08-05 00:00:00
20,Universtity of374,0,3,2019-02-10 00:00:00,74,UK,2019-02-11 00:00:00
839,Universtity of273,1,0,2019-09-08 00:00:00,72,UK,2019-09-09 00:00:00
274,Universtity of83,0,0,2019-01-21 00:00:00,85,UK,2019-01-22 00:00:00
588,Universtity of397,1,6,2019-05-05 00:00:00,79,UK,2019-05-06 00:00:00
220,Universtity of746,0,10,2019-02-17 00:00:00,79,UK,2019-02-18 00:00:00
240,Universtity of675,1,0,2019-03-30 00:00:00,65,UK,2019-03-31 00:00:00
127,Universtity of819,0,9,2019-10-24 00:00:00,73,UK,2019-10-25 00:00:00
5,Universtity of862,0,8,2019-04-01 00:00:00,69,UK,2019-04-02 00:00:00
687,Universtity of1054,0,0,2019-06-16 00:00:00,71,UK,2019-06-17 00:00:00
749,Universtity of124,1,7,2019-10-04 00:00:00,76,UK,2019-10-05 00:00:00
100,Universtity of996,1,5,2019-08-28 00:00:00,86,UK,2019-08-29 00:00:00
834,Universtity of95,0,6,2019-10-26 00:00:00,86,UK,2019-10-27 00:00:00
631,Universtity of161,0,7,2019-08-09 00:00:00,77,UK,2019-08-10 00:00:00
320,Universtity of1239,1,3,2019-02-12 00:00:00,65,UK,2019-02-13 00:00:00
580,Universtity of1083,1,5,2019-01-12 00:00:00,85,UK,2019-01-13 00:00:00
848,Universtity of430,0,10,2019-07-05 00:00:00,84,UK,2019-07-06 00:00:00
844,Universtity of847,0,4,2019-10-16 00:00:00,63,UK,2019-10-17 00:00:00
398,Universtity of227,1,1,2019-02-28 00:00:00,81,UK,2019-03-01 00:00:00
262,Universtity of295,1,1,2019-03-19 00:00:00,75,UK,2019-03-20 00:00:00
753,Universtity of533,1,8,2019-01-09 00:00:00,76,UK,2019-01-10 00:00:00
747,Universtity of1229,0,5,2019-02-09 00:00:00,80,UK,2019-02-10 00:00:00
69,Universtity of1395,0,0,2019-09-13 00:00:00,71,UK,2019-09-14 00:00:00
534,Universtity of949,0,10,2019-09-18 00:00:00,76,UK,2019-09-19 00:00:00
841,Universtity of1122,0,3,2019-09-13 00:00:00,89,UK,2019-09-14 00:00:00
167,Universtity of323,0,2,2019-01-18 00:00:00,74,UK,2019-01-19 00:00:00
427,Universtity of677,1,8,2019-09-29 00:00:00,67,UK,2019-09-30 00:00:00
108,Universtity of937,1,7,2019-10-28 00:00:00,72,UK,2019-10-29 00:00:00
776,Universtity of219,0,0,2019-10-06 00:00:00,63,UK,2019-10-07 00:00:00
287,Universtity of77,0,7,2019-03-01 00:00:00,61,UK,2019-03-02 00:00:00
514,Universtity of1331,0,3,2019-03-31 00:00:00,70,UK,2019-04-01 00:00:00
827,Universtity of638,0,5,2019-03-01 00:00:00,71,UK,2019-03-02 00:00:00
165,Universtity of656,0,6,2019-01-20 00:00:00,33,Mexico,2019-01-21 00:00:00
37,Universtity of179,1,0,2019-09-16 00:00:00,33,Mexico,2019-09-17 00:00:00
168,Universtity of1301,0,4,2019-07-01 00:00:00,31,Mexico,2019-07-02 00:00:00
775,Universtity of698,0,8,2019-04-03 00:00:00,58,Mexico,2019-04-04 00:00:00
642,Universtity of908,0,8,2019-09-18 00:00:00,44,Mexico,2019-09-19 00:00:00
503,Universtity of423,0,9,2019-03-19 00:00:00,36,Mexico,2019-03-20 00:00:00
771,Universtity of223,0,7,2019-09-26 00:00:00,34,Mexico,2019-09-27 00:00:00
125,Universtity of687,0,7,2019-03-21 00:00:00,56,Mexico,2019-03-22 00:00:00
383,Universtity of1185,0,2,2019-08-09 00:00:00,53,Mexico,2019-08-10 00:00:00
386,Universtity of1300,0,8,2019-07-01 00:00:00,39,Mexico,2019-07-02 00:00:00
710,Universtity of1119,1,9,2019-01-08 00:00:00,31,Mexico,2019-01-09 00:00:00
748,Universtity of239,1,7,2019-04-06 00:00:00,30,Mexico,2019-04-07 00:00:00
770,Universtity of877,0,7,2019-06-17 00:00:00,58,Mexico,2019-06-18 00:00:00
303,Universtity of581,0,3,2019-04-10 00:00:00,54,Mexico,2019-04-11 00:00:00
550,Universtity of285,0,1,2019-06-29 00:00:00,38,Mexico,2019-06-30 00:00:00
761,Universtity of1025,0,9,2019-08-13 00:00:00,31,Mexico,2019-08-14 00:00:00
494,Universtity of305,0,7,2019-03-01 00:00:00,54,Mexico,2019-03-02 00:00:00
679,Universtity of768,1,0,2019-03-02 00:00:00,40,Mexico,2019-03-03 00:00:00
78,Universtity of664,1,3,2019-05-16 00:00:00,48,Mexico,2019-05-17 00:00:00
357,Universtity of153,1,8,2019-02-02 00:00:00,42,Mexico,2019-02-03 00:00:00
570,Universtity of44,0,7,2019-01-28 00:00:00,41,Mexico,2019-01-29 00:00:00
206,Universtity of219,0,7,2019-10-07 00:00:00,31,Mexico,2019-10-08 00:00:00
306,Universtity of1048,1,8,2019-07-07 00:00:00,51,Mexico,2019-07-08 00:00:00
374,Universtity of1323,0,6,2019-02-14 00:00:00,58,Mexico,2019-02-15 00:00:00
356,Universtity of226,0,5,2019-01-31 00:00:00,36,Mexico,2019-02-01 00:00:00
508,Universtity of841,1,6,2019-01-20 00:00:00,36,Mexico,2019-01-21 00:00:00
605,Universtity of648,1,5,2019-07-16 00:00:00,37,Mexico,2019-07-17 00:00:00
517,Universtity of1144,1,10,2019-04-17 00:00:00,43,Mexico,2019-04-18 00:00:00
752,Universtity of981,1,9,2019-10-06 00:00:00,37,Mexico,2019-10-07 00:00:00
399,Universtity of1001,1,2,2019-10-05 00:00:00,41,Mexico,2019-10-06 00:00:00
350,Universtity of153,0,5,2019-09-25 00:00:00,34,Mexico,2019-09-26 00:00:00
652,Universtity of720,0,6,2019-04-24 00:00:00,31,Mexico,2019-04-25 00:00:00
305,Universtity of1017,1,4,2019-01-23 00:00:00,50,Mexico,2019-01-24 00:00:00
489,Universtity of691,0,4,2019-03-04 00:00:00,34,Mexico,2019-03-05 00:00:00
708,Universtity of435,0,3,2019-04-26 00:00:00,56,Mexico,2019-04-27 00:00:00
462,Universtity of1000,0,7,2019-02-19 00:00:00,59,Mexico,2019-02-20 00:00:00
14,Universtity of1257,1,4,2019-08-05 00:00:00,34,Mexico,2019-08-06 00:00:00
360,Universtity of451,0,10,2019-04-25 00:00:00,35,Mexico,2019-04-26 00:00:00
271,Universtity of18,1,9,2019-04-21 00:00:00,45,Mexico,2019-04-22 00:00:00
836,Universtity of542,0,0,2019-09-01 00:00:00,39,Mexico,2019-09-02 00:00:00
502,Universtity of71,0,9,2019-08-04 00:00:00,40,Mexico,2019-08-05 00:00:00
831,Universtity of370,1,0,2019-08-29 00:00:00,54,Mexico,2019-08-30 00:00:00
326,Universtity of1310,0,8,2019-09-05 00:00:00,51,Mexico,2019-09-06 00:00:00
428,Universtity of660,1,10,2019-04-11 00:00:00,38,Mexico,2019-04-12 00:00:00
175,Universtity of103,0,4,2019-08-02 00:00:00,35,Mexico,2019-08-03 00:00:00
195,Universtity of559,1,6,2019-03-16 00:00:00,30,Mexico,2019-03-17 00:00:00
225,Universtity of577,1,10,2019-02-15 00:00:00,33,Mexico,2019-02-16 00:00:00
381,Universtity of1171,1,0,2019-01-24 00:00:00,51,Mexico,2019-01-25 00:00:00
67,Universtity of145,1,5,2019-09-03 00:00:00,59,Mexico,2019-09-04 00:00:00
87,Universtity of948,1,7,2019-09-29 00:00:00,32,Mexico,2019-09-30 00:00:00
123,Universtity of567,1,7,2019-09-03 00:00:00,43,Mexico,2019-09-04 00:00:00
754,Universtity of198,0,0,2019-07-01 00:00:00,54,Mexico,2019-07-02 00:00:00
156,Universtity of1206,1,7,2019-01-02 00:00:00,42,Mexico,2019-01-03 00:00:00
385,Universtity of841,0,1,2019-08-04 00:00:00,36,Mexico,2019-08-05 00:00:00
302,Universtity of481,0,5,2019-02-09 00:00:00,31,Mexico,2019-02-10 00:00:00
66,Universtity of1046,1,6,2019-07-08 00:00:00,46,Mexico,2019-07-09 00:00:00
558,Universtity of784,0,2,2019-08-26 00:00:00,36,Mexico,2019-08-27 00:00:00
822,Universtity of1219,1,8,2019-04-17 00:00:00,53,Mexico,2019-04-18 00:00:00
618,Universtity of1239,0,2,2019-02-07 00:00:00,39,Mexico,2019-02-08 00:00:00
497,Universtity of716,1,9,2019-04-17 00:00:00,30,Mexico,2019-04-18 00:00:00
15,Universtity of546,0,6,2019-07-15 00:00:00,58,Mexico,2019-07-16 00:00:00
232,Universtity of149,0,9,2019-06-02 00:00:00,34,Mexico,2019-06-03 00:00:00
75,Universtity of870,1,9,2019-01-03 00:00:00,55,Mexico,2019-01-04 00:00:00
71,Universtity of291,0,3,2019-09-29 00:00:00,34,Mexico,2019-09-30 00:00:00
337,Universtity of1242,1,2,2019-09-12 00:00:00,59,Mexico,2019-09-13 00:00:00
316,Universtity of35,1,3,2019-02-01 00:00:00,38,Mexico,2019-02-02 00:00:00
454,Universtity of1287,1,4,2019-01-18 00:00:00,50,Mexico,2019-01-19 00:00:00
35,Universtity of65,0,8,2019-10-17 00:00:00,30,Mexico,2019-10-18 00:00:00
557,Universtity of1257,0,4,2019-01-02 00:00:00,40,Mexico,2019-01-03 00:00:00
97,Universtity of528,1,2,2019-02-23 00:00:00,50,Mexico,2019-02-24 00:00:00
638,Universtity of220,1,4,2019-06-19 00:00:00,48,Mexico,2019-06-20 00:00:00
163,Universtity of956,1,1,2019-10-21 00:00:00,48,Mexico,2019-10-22 00:00:00
12,Universtity of285,1,2,2019-09-22 00:00:00,40,Mexico,2019-09-23 00:00:00
535,Universtity of1304,0,9,2019-02-13 00:00:00,40,Mexico,2019-02-14 00:00:00
846,Universtity of349,0,6,2019-07-15 00:00:00,51,Mexico,2019-07-16 00:00:00
729,Universtity of133,0,3,2019-01-30 00:00:00,54,Mexico,2019-01-31 00:00:00
446,Universtity of1361,1,8,2019-02-11 00:00:00,31,Mexico,2019-02-12 00:00:00
461,Universtity of1376,0,5,2019-04-05 00:00:00,45,Mexico,2019-04-06 00:00:00
226,Universtity of814,1,9,2019-04-17 00:00:00,44,Mexico,2019-04-18 00:00:00
417,Universtity of911,1,5,2019-10-03 00:00:00,33,Mexico,2019-10-04 00:00:00
512,Universtity of1290,0,9,2019-07-31 00:00:00,53,Mexico,2019-08-01 00:00:00
670,Universtity of507,0,2,2019-02-10 00:00:00,39,Mexico,2019-02-11 00:00:00
725,Universtity of362,1,10,2019-01-27 00:00:00,33,Mexico,2019-01-28 00:00:00
228,Universtity of785,0,2,2019-02-25 00:00:00,43,Mexico,2019-02-26 00:00:00
784,Universtity of140,0,8,2019-01-27 00:00:00,47,Mexico,2019-01-28 00:00:00
702,Universtity of446,0,9,2019-08-22 00:00:00,39,Mexico,2019-08-23 00:00:00
597,Universtity of122,1,0,2019-07-03 00:00:00,53,Mexico,2019-07-04 00:00:00
628,Universtity of350,1,2,2019-01-27 00:00:00,37,Mexico,2019-01-28 00:00:00
624,Universtity of969,0,10,2019-04-26 00:00:00,46,Mexico,2019-04-27 00:00:00
724,Universtity of1118,0,4,2019-09-16 00:00:00,44,Mexico,2019-09-17 00:00:00
518,Universtity of899,0,4,2019-10-04 00:00:00,39,Mexico,2019-10-05 00:00:00
133,Universtity of1215,0,10,2019-02-23 00:00:00,40,Mexico,2019-02-24 00:00:00
384,Universtity of773,1,7,2019-05-16 00:00:00,38,Mexico,2019-05-17 00:00:00
596,Universtity of67,1,0,2019-09-16 00:00:00,57,Mexico,2019-09-17 00:00:00
27,Universtity of405,1,4,2019-09-26 00:00:00,36,Mexico,2019-09-27 00:00:00
153,Universtity of259,1,1,2019-05-04 00:00:00,39,Mexico,2019-05-05 00:00:00
193,Universtity of975,1,2,2019-03-11 00:00:00,43,Mexico,2019-03-12 00:00:00
404,Universtity of1107,1,2,2019-04-22 00:00:00,33,Mexico,2019-04-23 00:00:00
598,Universtity of985,1,7,2019-05-20 00:00:00,43,Mexico,2019-05-21 00:00:00
131,Universtity of5,1,6,2019-10-11 00:00:00,54,Mexico,2019-10-12 00:00:00
183,Universtity of990,0,2,2019-05-01 00:00:00,31,Mexico,2019-05-02 00:00:00
126,Universtity of169,1,3,2019-07-23 00:00:00,54,Mexico,2019-07-24 00:00:00
323,Universtity of255,1,5,2019-03-12 00:00:00,44,Mexico,2019-03-13 00:00:00
715,Universtity of156,0,1,2019-06-25 00:00:00,48,Mexico,2019-06-26 00:00:00
251,Universtity of1391,1,3,2019-09-21 00:00:00,43,Mexico,2019-09-22 00:00:00
263,Universtity of884,0,10,2019-05-25 00:00:00,51,Mexico,2019-05-26 00:00:00
390,Universtity of941,1,1,2019-08-24 00:00:00,31,Mexico,2019-08-25 00:00:00
644,Universtity of221,1,10,2019-10-02 00:00:00,51,Mexico,2019-10-03 00:00:00
96,Universtity of596,1,10,2019-06-20 00:00:00,42,Mexico,2019-06-21 00:00:00
443,Universtity of744,0,10,2019-09-06 00:00:00,54,Mexico,2019-09-07 00:00:00
714,Universtity of968,0,9,2019-07-29 00:00:00,58,Mexico,2019-07-30 00:00:00
208,Universtity of76,1,7,2019-03-25 00:00:00,51,Mexico,2019-03-26 00:00:00
477,Universtity of863,1,0,2019-02-16 00:00:00,45,Mexico,2019-02-17 00:00:00
802,Universtity of1209,0,5,2019-04-19 00:00:00,36,Mexico,2019-04-20 00:00:00
686,Universtity of839,1,0,2019-10-07 00:00:00,38,Mexico,2019-10-08 00:00:00
394,Universtity of912,1,10,2019-10-16 00:00:00,37,Mexico,2019-10-17 00:00:00
138,Universtity of1013,1,3,2019-05-14 00:00:00,37,Mexico,2019-05-15 00:00:00
149,Universtity of999,1,0,2019-06-28 00:00:00,37,Mexico,2019-06-29 00:00:00
697,Universtity of567,0,4,2019-09-08 00:00:00,54,Mexico,2019-09-09 00:00:00
457,Universtity of1113,0,5,2019-10-03 00:00:00,174,Italy,2019-10-04 00:00:00
77,Universtity of754,1,0,2019-08-16 00:00:00,159,Italy,2019-08-17 00:00:00
401,Universtity of119,0,10,2019-05-03 00:00:00,159,Italy,2019-05-04 00:00:00
569,Universtity of1339,1,0,2019-09-18 00:00:00,150,Italy,2019-09-19 00:00:00
21,Universtity of969,1,7,2019-10-23 00:00:00,167,Italy,2019-10-24 00:00:00
705,Universtity of48,1,0,2019-06-19 00:00:00,168,Italy,2019-06-20 00:00:00
57,Universtity of65,1,7,2019-03-25 00:00:00,173,Italy,2019-03-26 00:00:00
52,Universtity of619,0,5,2019-09-25 00:00:00,169,Italy,2019-09-26 00:00:00
842,Universtity of870,1,7,2019-06-18 00:00:00,175,Italy,2019-06-19 00:00:00
590,Universtity of1214,0,3,2019-02-12 00:00:00,155,Italy,2019-02-13 00:00:00
493,Universtity of202,0,4,2019-04-27 00:00:00,154,Italy,2019-04-28 00:00:00
239,Universtity of999,1,9,2019-04-18 00:00:00,179,Italy,2019-04-19 00:00:00
835,Universtity of408,0,9,2019-07-28 00:00:00,167,Italy,2019-07-29 00:00:00
850,Universtity of790,0,2,2019-02-26 00:00:00,162,Italy,2019-02-27 00:00:00
801,Universtity of750,1,6,2019-01-19 00:00:00,151,Italy,2019-01-20 00:00:00
406,Universtity of403,0,10,2019-06-18 00:00:00,168,Italy,2019-06-19 00:00:00
818,Universtity of996,0,8,2019-04-17 00:00:00,164,Italy,2019-04-18 00:00:00
657,Universtity of1315,1,8,2019-02-07 00:00:00,154,Italy,2019-02-08 00:00:00
527,Universtity of17,0,5,2019-09-29 00:00:00,159,Italy,2019-09-30 00:00:00
171,Universtity of156,0,1,2019-07-21 00:00:00,165,Italy,2019-07-22 00:00:00
450,Universtity of233,1,0,2019-08-17 00:00:00,157,Italy,2019-08-18 00:00:00
495,Universtity of337,0,0,2019-08-31 00:00:00,165,Italy,2019-09-01 00:00:00
293,Universtity of142,1,8,2019-01-29 00:00:00,154,Italy,2019-01-30 00:00:00
334,Universtity of730,0,1,2019-09-26 00:00:00,172,Italy,2019-09-27 00:00:00
501,Universtity of655,0,3,2019-05-14 00:00:00,156,Italy,2019-05-15 00:00:00
341,Universtity of247,0,10,2019-08-22 00:00:00,157,Italy,2019-08-23 00:00:00
387,Universtity of940,0,5,2019-06-17 00:00:00,157,Italy,2019-06-18 00:00:00
701,Universtity of1349,0,10,2019-09-28 00:00:00,174,Italy,2019-09-29 00:00:00
261,Universtity of264,0,3,2019-07-18 00:00:00,175,Italy,2019-07-19 00:00:00
72,Universtity of804,0,2,2019-01-14 00:00:00,177,Italy,2019-01-15 00:00:00
318,Universtity of515,1,1,2019-03-31 00:00:00,171,Italy,2019-04-01 00:00:00
363,Universtity of1316,0,4,2019-06-04 00:00:00,157,Italy,2019-06-05 00:00:00
166,Universtity of613,1,9,2019-02-25 00:00:00,164,Italy,2019-02-26 00:00:00
607,Universtity of869,0,9,2019-02-10 00:00:00,162,Italy,2019-02-11 00:00:00
152,Universtity of1274,1,1,2019-04-02 00:00:00,151,Italy,2019-04-03 00:00:00
362,Universtity of827,1,0,2019-06-27 00:00:00,163,Italy,2019-06-28 00:00:00
99,Universtity of326,0,10,2019-01-06 00:00:00,155,Italy,2019-01-07 00:00:00
213,Universtity of586,0,7,2019-05-10 00:00:00,158,Italy,2019-05-11 00:00:00
422,Universtity of1312,0,5,2019-03-16 00:00:00,173,Italy,2019-03-17 00:00:00
586,Universtity of491,1,5,2019-05-02 00:00:00,174,Italy,2019-05-03 00:00:00
612,Universtity of421,0,0,2019-04-11 00:00:00,159,Italy,2019-04-12 00:00:00
111,Universtity of574,0,5,2019-10-15 00:00:00,158,Italy,2019-10-16 00:00:00
672,Universtity of118,1,10,2019-06-11 00:00:00,170,Italy,2019-06-12 00:00:00
471,Universtity of749,0,7,2019-09-24 00:00:00,152,Italy,2019-09-25 00:00:00
301,Universtity of1189,1,8,2019-07-28 00:00:00,163,Italy,2019-07-29 00:00:00
448,Universtity of75,1,3,2019-04-27 00:00:00,152,Italy,2019-04-28 00:00:00
531,Universtity of508,1,6,2019-07-20 00:00:00,165,Italy,2019-07-21 00:00:00
595,Universtity of483,1,3,2019-04-19 00:00:00,162,Italy,2019-04-20 00:00:00
662,Universtity of271,1,5,2019-02-14 00:00:00,162,Italy,2019-02-15 00:00:00
104,Universtity of340,1,0,2019-03-13 00:00:00,172,Italy,2019-03-14 00:00:00
289,Universtity of1305,0,2,2019-07-24 00:00:00,156,Italy,2019-07-25 00:00:00
660,Universtity of886,1,7,2019-06-13 00:00:00,150,Italy,2019-06-14 00:00:00
31,Universtity of26,0,7,2019-10-25 00:00:00,179,Italy,2019-10-26 00:00:00
623,Universtity of515,1,9,2019-02-17 00:00:00,178,Italy,2019-02-18 00:00:00
327,Universtity of862,1,3,2019-01-04 00:00:00,175,Italy,2019-01-05 00:00:00
370,Universtity of811,0,1,2019-10-12 00:00:00,168,Italy,2019-10-13 00:00:00
575,Universtity of523,1,3,2019-07-09 00:00:00,163,Italy,2019-07-10 00:00:00
684,Universtity of325,0,2,2019-01-16 00:00:00,174,Italy,2019-01-17 00:00:00
354,Universtity of486,1,7,2019-06-20 00:00:00,169,Italy,2019-06-21 00:00:00
235,Universtity of1308,1,10,2019-07-12 00:00:00,164,Italy,2019-07-13 00:00:00
663,Universtity of588,0,1,2019-09-14 00:00:00,158,Italy,2019-09-15 00:00:00
566,Universtity of1225,1,0,2019-06-02 00:00:00,171,Italy,2019-06-03 00:00:00
629,Universtity of709,0,8,2019-07-24 00:00:00,163,Italy,2019-07-25 00:00:00
521,Universtity of1002,0,4,2019-07-21 00:00:00,155,Italy,2019-07-22 00:00:00
144,Universtity of1216,0,2,2019-01-11 00:00:00,152,Italy,2019-01-12 00:00:00
368,Universtity of1271,1,4,2019-03-09 00:00:00,179,Italy,2019-03-10 00:00:00
405,Universtity of1102,1,1,2019-01-20 00:00:00,176,Italy,2019-01-21 00:00:00
150,Universtity of262,0,6,2019-07-02 00:00:00,150,Italy,2019-07-03 00:00:00
637,Universtity of222,0,8,2019-10-28 00:00:00,162,Italy,2019-10-29 00:00:00
199,Universtity of942,0,5,2019-01-15 00:00:00,159,Italy,2019-01-16 00:00:00
219,Universtity of288,1,1,2019-07-07 00:00:00,158,Italy,2019-07-08 00:00:00
524,Universtity of109,1,7,2019-09-14 00:00:00,176,Italy,2019-09-15 00:00:00
382,Universtity of821,0,1,2019-03-16 00:00:00,165,Italy,2019-03-17 00:00:00
59,Universtity of396,0,9,2019-09-23 00:00:00,158,Italy,2019-09-24 00:00:00
,Universtity of516,0,3,2019-01-11 00:00:00,169,Italy,2019-01-12 00:00:00
79,Universtity of502,1,10,2019-07-24 00:00:00,155,Italy,2019-07-25 00:00:00
118,Universtity of670,0,0,2019-01-30 00:00:00,157,Italy,2019-01-31 00:00:00
346,Universtity of927,1,3,2019-07-06 00:00:00,165,Italy,2019-07-07 00:00:00
583,Universtity of374,1,7,2019-03-22 00:00:00,159,Italy,2019-03-23 00:00:00
681,Universtity of675,1,1,2019-08-09 00:00:00,155,Italy,2019-08-10 00:00:00
10,Universtity of542,1,1,2019-02-09 00:00:00,169,Italy,2019-02-10 00:00:00
688,Universtity of479,1,4,2019-10-20 00:00:00,169,Italy,2019-10-21 00:00:00
110,Universtity of181,1,7,2019-09-26 00:00:00,168,Italy,2019-09-27 00:00:00
48,Universtity of960,0,0,2019-02-19 00:00:00,155,Italy,2019-02-20 00:00:00
703,Universtity of38,1,7,2019-05-05 00:00:00,166,Italy,2019-05-06 00:00:00
230,Universtity of663,0,4,2019-04-01 00:00:00,166,Italy,2019-04-02 00:00:00
713,Universtity of1332,0,1,2019-04-13 00:00:00,150,Italy,2019-04-14 00:00:00
413,Universtity of329,0,7,2019-08-24 00:00:00,160,Italy,2019-08-25 00:00:00
252,Universtity of763,1,10,2019-06-02 00:00:00,166,Italy,2019-06-03 00:00:00
561,Universtity of41,0,8,2019-04-12 00:00:00,154,Italy,2019-04-13 00:00:00
288,Universtity of187,0,2,2019-10-01 00:00:00,152,Italy,2019-10-02 00:00:00
499,Universtity of267,1,2,2019-05-22 00:00:00,171,Italy,2019-05-23 00:00:00
11,Universtity of1126,0,1,2019-09-10 00:00:00,157,Italy,2019-09-11 00:00:00
120,Universtity of339,1,1,2019-08-14 00:00:00,172,Italy,2019-08-15 00:00:00
559,Universtity of671,0,9,2019-04-25 00:00:00,163,Italy,2019-04-26 00:00:00
272,Universtity of490,1,7,2019-10-20 00:00:00,171,Italy,2019-10-21 00:00:00
231,Universtity of586,1,4,2019-03-10 00:00:00,173,Italy,2019-03-11 00:00:00
322,Universtity of956,1,6,2019-04-11 00:00:00,173,Italy,2019-04-12 00:00:00
781,Universtity of653,0,7,2019-01-28 00:00:00,170,Italy,2019-01-29 00:00:00
34,Universtity of1005,1,3,2019-02-19 00:00:00,171,Italy,2019-02-20 00:00:00
114,Universtity of1304,0,10,2019-09-23 00:00:00,156,Italy,2019-09-24 00:00:00
522,Universtity of772,0,3,2019-05-22 00:00:00,170,Italy,2019-05-23 00:00:00
359,Universtity of247,0,4,2019-08-23 00:00:00,165,Italy,2019-08-24 00:00:00
496,Universtity of428,1,10,2019-10-09 00:00:00,159,Italy,2019-10-10 00:00:00
442,Universtity of198,1,1,2019-10-03 00:00:00,156,Italy,2019-10-04 00:00:00
9,Universtity of935,1,9,2019-04-17 00:00:00,168,Italy,2019-04-18 00:00:00
146,Universtity of212,1,7,2019-01-02 00:00:00,157,Italy,2019-01-03 00:00:00
330,Universtity of636,0,9,2019-10-10 00:00:00,161,Italy,2019-10-11 00:00:00
528,Universtity of706,0,4,2019-05-23 00:00:00,152,Italy,2019-05-24 00:00:00
304,Universtity of537,0,6,2019-01-02 00:00:00,175,Italy,2019-01-03 00:00:00
812,Universtity of134,1,4,2019-07-01 00:00:00,179,Italy,2019-07-02 00:00:00
487,Universtity of1239,1,7,2019-08-29 00:00:00,176,Italy,2019-08-30 00:00:00
324,Universtity of990,1,2,2019-06-20 00:00:00,172,Italy,2019-06-21 00:00:00
18,Universtity of696,0,3,2019-02-20 00:00:00,161,Italy,2019-02-21 00:00:00
8,Universtity of109,1,0,2019-01-30 00:00:00,165,Italy,2019-01-31 00:00:00
249,Universtity of742,0,2,2019-10-17 00:00:00,154,Italy,2019-10-18 00:00:00
798,Universtity of107,0,9,2019-09-12 00:00:00,160,Italy,2019-09-13 00:00:00
622,Universtity of555,0,8,2019-02-01 00:00:00,153,Italy,2019-02-02 00:00:00
826,Universtity of983,0,1,2019-06-28 00:00:00,156,Italy,2019-06-29 00:00:00
91,Universtity of203,0,0,2019-02-12 00:00:00,157,Italy,2019-02-13 00:00:00
824,Universtity of1389,1,0,2019-08-12 00:00:00,162,Italy,2019-08-13 00:00:00
418,Universtity of519,1,3,2019-08-08 00:00:00,167,Italy,2019-08-09 00:00:00
290,Universtity of272,1,6,2019-08-12 00:00:00,167,Italy,2019-08-13 00:00:00
473,Universtity of727,0,3,2019-08-06 00:00:00,177,Italy,2019-08-07 00:00:00
178,Universtity of934,1,10,2019-10-26 00:00:00,161,Italy,2019-10-27 00:00:00
377,Universtity of1376,0,7,2019-07-15 00:00:00,175,Italy,2019-07-16 00:00:00
804,Universtity of387,0,0,2019-08-23 00:00:00,165,Italy,2019-08-24 00:00:00
814,Universtity of91,1,6,2019-05-15 00:00:00,179,Italy,2019-05-16 00:00:00
589,Universtity of425,1,1,2019-04-05 00:00:00,171,Italy,2019-04-06 00:00:00
435,Universtity of364,0,0,2019-05-25 00:00:00,162,Italy,2019-05-26 00:00:00
372,Universtity of1078,1,5,2019-07-29 00:00:00,175,Italy,2019-07-30 00:00:00
216,Universtity of799,1,0,2019-03-14 00:00:00,178,Italy,2019-03-15 00:00:00
300,Universtity of362,1,0,2019-08-19 00:00:00,171,Italy,2019-08-20 00:00:00
466,Universtity of654,0,2,2019-03-15 00:00:00,171,Italy,2019-03-16 00:00:00
800,Universtity of1341,0,9,2019-10-12 00:00:00,174,Italy,2019-10-13 00:00:00
674,Universtity of120,0,1,2019-04-20 00:00:00,174,Italy,2019-04-21 00:00:00
221,Universtity of453,1,5,2019-07-25 00:00:00,172,Italy,2019-07-26 00:00:00
441,Universtity of1396,1,8,2019-08-19 00:00:00,166,Italy,2019-08-20 00:00:00
86,Universtity of803,1,6,2019-10-09 00:00:00,166,Italy,2019-10-10 00:00:00
343,Universtity of1174,1,2,2019-06-22 00:00:00,151,Italy,2019-06-23 00:00:00
791,Universtity of886,1,6,2019-02-07 00:00:00,200,Thailand,2019-02-08 00:00:00
620,Universtity of1240,0,9,2019-04-18 00:00:00,199,Thailand,2019-04-19 00:00:00
181,Universtity of91,0,9,2019-04-20 00:00:00,186,Thailand,2019-04-21 00:00:00
13,Universtity of1341,0,4,2019-04-21 00:00:00,184,Thailand,2019-04-22 00:00:00
719,Universtity of1310,1,9,2019-03-27 00:00:00,186,Thailand,2019-03-28 00:00:00
29,Universtity of1372,1,2,2019-09-18 00:00:00,200,Thailand,2019-09-19 00:00:00
632,Universtity of231,0,8,2019-09-11 00:00:00,196,Thailand,2019-09-12 00:00:00
129,Universtity of965,1,9,2019-06-01 00:00:00,195,Thailand,2019-06-02 00:00:00
258,Universtity of842,0,9,2019-10-18 00:00:00,185,Thailand,2019-10-19 00:00:00
843,Universtity of738,0,4,2019-02-23 00:00:00,187,Thailand,2019-02-24 00:00:00
722,Universtity of1327,1,5,2019-05-25 00:00:00,182,Thailand,2019-05-26 00:00:00
666,Universtity of656,0,2,2019-02-12 00:00:00,199,Thailand,2019-02-13 00:00:00
169,Universtity of1190,0,4,2019-04-01 00:00:00,196,Thailand,2019-04-02 00:00:00
609,Universtity of1161,0,1,2019-03-08 00:00:00,197,Thailand,2019-03-09 00:00:00
328,Universtity of1258,0,7,2019-01-16 00:00:00,195,Thailand,2019-01-17 00:00:00
616,Universtity of600,0,6,2019-01-16 00:00:00,191,Thailand,2019-01-17 00:00:00
600,Universtity of270,0,10,2019-06-04 00:00:00,186,Thailand,2019-06-05 00:00:00
292,Universtity of1152,1,1,2019-10-15 00:00:00,186,Thailand,2019-10-16 00:00:00
116,Universtity of725,1,8,2019-05-10 00:00:00,180,Thailand,2019-05-11 00:00:00
309,Universtity of395,0,10,2019-08-04 00:00:00,194,Thailand,2019-08-05 00:00:00
737,Universtity of828,1,6,2019-05-31 00:00:00,194,Thailand,2019-06-01 00:00:00
655,Universtity of1178,1,3,2019-02-24 00:00:00,198,Thailand,2019-02-25 00:00:00
470,Universtity of382,1,0,2019-09-24 00:00:00,192,Thailand,2019-09-25 00:00:00
16,Universtity of583,1,0,2019-04-09 00:00:00,200,Thailand,2019-04-10 00:00:00
541,Universtity of455,0,5,2019-01-06 00:00:00,196,Thailand,2019-01-07 00:00:00
365,Universtity of22,0,2,2019-02-14 00:00:00,193,Thailand,2019-02-15 00:00:00
733,Universtity of748,0,4,2019-08-06 00:00:00,194,Thailand,2019-08-07 00:00:00
88,Universtity of775,0,7,2019-10-22 00:00:00,181,Thailand,2019-10-23 00:00:00
294,Universtity of763,0,1,2019-05-12 00:00:00,193,Thailand,2019-05-13 00:00:00
137,Universtity of1281,0,5,2019-08-01 00:00:00,180,Thailand,2019-08-02 00:00:00
115,Universtity of1154,0,3,2019-02-23 00:00:00,199,Thailand,2019-02-24 00:00:00
142,Universtity of1060,1,10,2019-10-06 00:00:00,181,Thailand,2019-10-07 00:00:00
613,Universtity of978,0,8,2019-09-18 00:00:00,189,Thailand,2019-09-19 00:00:00
478,Universtity of1151,1,7,2019-01-03 00:00:00,197,Thailand,2019-01-04 00:00:00
170,Universtity of830,0,5,2019-02-27 00:00:00,182,Thailand,2019-02-28 00:00:00
215,Universtity of642,0,2,2019-08-25 00:00:00,185,Thailand,2019-08-26 00:00:00
579,Universtity of700,1,2,2019-06-25 00:00:00,181,Thailand,2019-06-26 00:00:00
6,Universtity of1213,0,6,2019-05-11 00:00:00,194,Thailand,2019-05-12 00:00:00
573,Universtity of51,0,0,2019-07-19 00:00:00,181,Thailand,2019-07-20 00:00:00
60,Universtity of282,0,9,2019-09-07 00:00:00,194,Thailand,2019-09-08 00:00:00
447,Universtity of715,0,4,2019-05-17 00:00:00,180,Thailand,2019-05-18 00:00:00
285,Universtity of1141,0,6,2019-09-29 00:00:00,189,Thailand,2019-09-30 00:00:00
617,Universtity of522,0,2,2019-05-16 00:00:00,195,Thailand,2019-05-17 00:00:00
668,Universtity of365,0,7,2019-02-17 00:00:00,200,Thailand,2019-02-18 00:00:00
554,Universtity of1021,1,5,2019-05-11 00:00:00,191,Thailand,2019-05-12 00:00:00
299,Universtity of419,0,6,2019-01-28 00:00:00,187,Thailand,2019-01-29 00:00:00
555,Universtity of329,0,8,2019-01-20 00:00:00,184,Thailand,2019-01-21 00:00:00
604,Universtity of420,0,6,2019-08-15 00:00:00,182,Thailand,2019-08-16 00:00:00
217,Universtity of1032,0,7,2019-08-01 00:00:00,198,Thailand,2019-08-02 00:00:00
414,Universtity of957,1,7,2019-08-29 00:00:00,193,Thailand,2019-08-30 00:00:00
81,Universtity of791,0,8,2019-03-28 00:00:00,185,Thailand,2019-03-29 00:00:00
821,Universtity of583,0,1,2019-01-17 00:00:00,185,Thailand,2019-01-18 00:00:00
84,Universtity of1341,0,9,2019-01-02 00:00:00,188,Thailand,2019-01-03 00:00:00
683,Universtity of51,0,10,2019-07-20 00:00:00,186,Thailand,2019-07-21 00:00:00
648,Universtity of738,1,8,2019-04-23 00:00:00,197,Thailand,2019-04-24 00:00:00
486,Universtity of585,0,7,2019-05-12 00:00:00,195,Thailand,2019-05-13 00:00:00
297,Universtity of16,0,3,2019-09-09 00:00:00,182,Thailand,2019-09-10 00:00:00
286,Universtity of431,0,4,2019-07-21 00:00:00,181,Thailand,2019-07-22 00:00:00
796,Universtity of55,0,10,2019-02-08 00:00:00,196,Thailand,2019-02-09 00:00:00
24,Universtity of256,0,4,2019-02-24 00:00:00,197,Thailand,2019-02-25 00:00:00
411,Universtity of966,0,5,2019-03-30 00:00:00,184,Thailand,2019-03-31 00:00:00
664,Universtity of314,1,4,2019-05-19 00:00:00,190,Thailand,2019-05-20 00:00:00
314,Universtity of931,0,6,2019-08-18 00:00:00,187,Thailand,2019-08-19 00:00:00
498,Universtity of409,1,2,2019-02-16 00:00:00,188,Thailand,2019-02-17 00:00:00
711,Universtity of186,0,3,2019-02-21 00:00:00,184,Thailand,2019-02-22 00:00:00
276,Universtity of163,1,3,2019-08-05 00:00:00,200,Thailand,2019-08-06 00:00:00
338,Universtity of232,1,3,2019-08-02 00:00:00,199,Thailand,2019-08-03 00:00:00
336,Universtity of868,0,5,2019-01-10 00:00:00,195,Thailand,2019-01-11 00:00:00
429,Universtity of737,0,3,2019-05-27 00:00:00,195,Thailand,2019-05-28 00:00:00
520,Universtity of1276,0,0,2019-04-30 00:00:00,184,Thailand,2019-05-01 00:00:00
762,Universtity of1134,1,3,2019-07-08 00:00:00,184,Thailand,2019-07-09 00:00:00
106,Universtity of339,0,8,2019-10-15 00:00:00,199,Thailand,2019-10-16 00:00:00
247,Universtity of1368,1,2,2019-05-29 00:00:00,189,Thailand,2019-05-30 00:00:00
218,Universtity of728,1,3,2019-06-16 00:00:00,200,Thailand,2019-06-17 00:00:00
238,Universtity of113,1,10,2019-10-02 00:00:00,193,Thailand,2019-10-03 00:00:00
685,Universtity of24,1,6,2019-08-13 00:00:00,191,Thailand,2019-08-14 00:00:00
101,Universtity of1099,1,3,2019-07-23 00:00:00,190,Thailand,2019-07-24 00:00:00
160,Universtity of796,0,1,2019-08-11 00:00:00,197,Thailand,2019-08-12 00:00:00
438,Universtity of151,0,9,2019-01-04 00:00:00,186,Thailand,2019-01-05 00:00:00
281,Universtity of598,0,7,2019-03-24 00:00:00,121,China,2019-03-25 00:00:00
529,Universtity of451,0,8,2019-06-13 00:00:00,130,China,2019-06-14 00:00:00
236,Universtity of973,1,6,2019-07-22 00:00:00,131,China,2019-07-23 00:00:00
807,Universtity of219,1,4,2019-07-23 00:00:00,124,China,2019-07-24 00:00:00
23,Universtity of922,0,4,2019-10-13 00:00:00,129,China,2019-10-14 00:00:00
567,Universtity of1375,0,0,2019-04-06 00:00:00,142,China,2019-04-07 00:00:00
277,Universtity of516,1,5,2019-05-08 00:00:00,145,China,2019-05-09 00:00:00
30,Universtity of864,0,2,2019-08-09 00:00:00,134,China,2019-08-10 00:00:00
634,Universtity of876,0,7,2019-04-08 00:00:00,146,China,2019-04-09 00:00:00
769,Universtity of183,1,6,2019-08-04 00:00:00,120,China,2019-08-05 00:00:00
400,Universtity of62,0,5,2019-07-01 00:00:00,121,China,2019-07-02 00:00:00
312,Universtity of1186,0,0,2019-04-04 00:00:00,133,China,2019-04-05 00:00:00
135,Universtity of1139,1,6,2019-04-23 00:00:00,124,China,2019-04-24 00:00:00
139,Universtity of545,1,5,2019-07-12 00:00:00,142,China,2019-07-13 00:00:00
727,Universtity of118,1,10,2019-01-02 00:00:00,140,China,2019-01-03 00:00:00
695,Universtity of802,0,3,2019-02-15 00:00:00,127,China,2019-02-16 00:00:00
545,Universtity of1061,1,9,2019-08-27 00:00:00,137,China,2019-08-28 00:00:00
366,Universtity of772,1,1,2019-07-22 00:00:00,130,China,2019-07-23 00:00:00
32,Universtity of257,1,3,2019-03-01 00:00:00,126,China,2019-03-02 00:00:00
143,Universtity of923,1,1,2019-08-27 00:00:00,148,China,2019-08-28 00:00:00
564,Universtity of366,0,7,2019-10-25 00:00:00,141,China,2019-10-26 00:00:00
645,Universtity of681,1,2,2019-08-08 00:00:00,123,China,2019-08-09 00:00:00
767,Universtity of160,1,3,2019-04-03 00:00:00,120,China,2019-04-04 00:00:00
671,Universtity of791,0,9,2019-10-03 00:00:00,133,China,2019-10-04 00:00:00
469,Universtity of373,1,6,2019-10-04 00:00:00,134,China,2019-10-05 00:00:00
667,Universtity of1100,0,6,2019-02-08 00:00:00,125,China,2019-02-09 00:00:00
500,Universtity of1280,1,1,2019-02-22 00:00:00,127,China,2019-02-23 00:00:00
331,Universtity of1053,1,7,2019-01-03 00:00:00,124,China,2019-01-04 00:00:00
563,Universtity of621,0,1,2019-01-13 00:00:00,130,China,2019-01-14 00:00:00
700,Universtity of1380,1,1,2019-01-25 00:00:00,146,China,2019-01-26 00:00:00
547,Universtity of590,0,10,2019-06-15 00:00:00,139,China,2019-06-16 00:00:00
562,Universtity of1033,1,2,2019-09-18 00:00:00,133,China,2019-09-19 00:00:00
340,Universtity of1356,0,1,2019-06-01 00:00:00,142,China,2019-06-02 00:00:00
426,Universtity of184,0,9,2019-06-13 00:00:00,122,China,2019-06-14 00:00:00
476,Universtity of832,0,5,2019-05-01 00:00:00,146,China,2019-05-02 00:00:00
584,Universtity of1322,0,9,2019-08-25 00:00:00,125,China,2019-08-26 00:00:00
89,Universtity of1217,1,1,2019-08-20 00:00:00,137,China,2019-08-21 00:00:00
797,Universtity of885,1,1,2019-09-22 00:00:00,141,China,2019-09-23 00:00:00
407,Universtity of227,1,9,2019-06-20 00:00:00,123,China,2019-06-21 00:00:00
243,Universtity of1362,0,7,2019-01-25 00:00:00,126,China,2019-01-26 00:00:00
159,Universtity of1355,1,5,2019-02-16 00:00:00,147,China,2019-02-17 00:00:00
793,Universtity of517,0,8,2019-02-09 00:00:00,147,China,2019-02-10 00:00:00
132,Universtity of1019,0,7,2019-04-24 00:00:00,121,China,2019-04-25 00:00:00
210,Universtity of1000,1,4,2019-08-29 00:00:00,126,China,2019-08-30 00:00:00
459,Universtity of714,1,8,2019-04-04 00:00:00,148,China,2019-04-05 00:00:00
830,Universtity of132,1,3,2019-04-11 00:00:00,128,China,2019-04-12 00:00:00
434,Universtity of28,1,7,2019-07-17 00:00:00,130,China,2019-07-18 00:00:00
640,Universtity of559,1,7,2019-01-11 00:00:00,131,China,2019-01-12 00:00:00
308,Universtity of1191,1,6,2019-06-12 00:00:00,122,China,2019-06-13 00:00:00
421,Universtity of473,0,10,2019-05-08 00:00:00,147,China,2019-05-09 00:00:00
425,Universtity of240,1,3,2019-06-04 00:00:00,138,China,2019-06-05 00:00:00
39,Universtity of668,1,5,2019-02-03 00:00:00,132,China,2019-02-04 00:00:00
317,Universtity of922,0,3,2019-02-01 00:00:00,130,China,2019-02-02 00:00:00
364,Universtity of1115,1,1,2019-05-01 00:00:00,138,China,2019-05-02 00:00:00
689,Universtity of1113,1,4,2019-07-16 00:00:00,132,China,2019-07-17 00:00:00
745,Universtity of620,0,4,2019-07-14 00:00:00,142,China,2019-07-15 00:00:00
279,Universtity of1042,1,1,2019-10-28 00:00:00,145,China,2019-10-29 00:00:00
627,Universtity of1256,0,3,2019-06-21 00:00:00,147,China,2019-06-22 00:00:00
546,Universtity of225,0,6,2019-09-20 00:00:00,142,China,2019-09-21 00:00:00
568,Universtity of737,1,7,2019-09-08 00:00:00,134,China,2019-09-09 00:00:00
233,Universtity of120,1,8,2019-06-24 00:00:00,128,China,2019-06-25 00:00:00
782,Universtity of377,1,10,2019-05-27 00:00:00,128,China,2019-05-28 00:00:00
694,Universtity of923,0,0,2019-06-23 00:00:00,143,China,2019-06-24 00:00:00
706,Universtity of507,1,2,2019-05-05 00:00:00,143,China,2019-05-06 00:00:00
375,Universtity of48,0,10,2019-07-27 00:00:00,125,China,2019-07-28 00:00:00
283,Universtity of582,1,2,2019-01-11 00:00:00,136,China,2019-01-12 00:00:00
56,Universtity of764,1,5,2019-02-22 00:00:00,130,China,2019-02-23 00:00:00
257,Universtity of1178,0,3,2019-06-04 00:00:00,125,China,2019-06-05 00:00:00
44,Universtity of106,0,6,2019-10-24 00:00:00,120,China,2019-10-25 00:00:00
665,Universtity of1091,1,0,2019-03-13 00:00:00,120,China,2019-03-14 00:00:00
355,Universtity of1190,0,4,2019-03-12 00:00:00,131,China,2019-03-13 00:00:00
475,Universtity of275,1,3,2019-08-11 00:00:00,145,China,2019-08-12 00:00:00
732,Universtity of942,0,3,2019-07-31 00:00:00,149,China,2019-08-01 00:00:00
315,Universtity of656,1,7,2019-02-10 00:00:00,135,China,2019-02-11 00:00:00
412,Universtity of1040,0,9,2019-07-25 00:00:00,135,China,2019-07-26 00:00:00
574,Universtity of1222,1,10,2019-06-05 00:00:00,149,China,2019-06-06 00:00:00
41,Universtity of838,0,0,2019-04-05 00:00:00,144,China,2019-04-06 00:00:00
319,Universtity of1051,1,8,2019-05-21 00:00:00,147,China,2019-05-22 00:00:00
107,Universtity of589,1,0,2019-02-18 00:00:00,138,China,2019-02-19 00:00:00
794,Universtity of940,1,7,2019-04-27 00:00:00,148,China,2019-04-28 00:00:00
109,Universtity of1393,1,4,2019-08-16 00:00:00,147,China,2019-08-17 00:00:00
207,Universtity of1276,1,3,2019-10-27 00:00:00,144,China,2019-10-28 00:00:00
510,Universtity of676,0,7,2019-06-19 00:00:00,133,China,2019-06-20 00:00:00
829,Universtity of448,0,0,2019-03-24 00:00:00,141,China,2019-03-25 00:00:00
783,Universtity of1354,0,5,2019-09-15 00:00:00,149,China,2019-09-16 00:00:00
95,Universtity of431,0,1,2019-01-23 00:00:00,147,China,2019-01-24 00:00:00
280,Universtity of1049,0,9,2019-05-25 00:00:00,125,China,2019-05-26 00:00:00
242,Universtity of1109,0,10,2019-09-27 00:00:00,140,China,2019-09-28 00:00:00
424,Universtity of642,0,10,2019-04-23 00:00:00,146,China,2019-04-24 00:00:00
756,Universtity of1039,0,7,2019-04-27 00:00:00,134,China,2019-04-28 00:00:00
339,Universtity of1162,1,8,2019-09-30 00:00:00,142,China,2019-10-01 00:00:00
819,Universtity of27,1,3,2019-09-01 00:00:00,130,China,2019-09-02 00:00:00
248,Universtity of386,0,0,2019-04-06 00:00:00,133,China,2019-04-07 00:00:00
162,Universtity of477,0,7,2019-04-12 00:00:00,127,China,2019-04-13 00:00:00
209,Universtity of435,1,5,2019-06-21 00:00:00,141,China,2019-06-22 00:00:00
738,Universtity of613,0,9,2019-10-14 00:00:00,132,China,2019-10-15 00:00:00
391,Universtity of1143,1,6,2019-06-17 00:00:00,145,China,2019-06-18 00:00:00
552,Universtity of799,0,3,2019-03-10 00:00:00,129,China,2019-03-11 00:00:00
467,Universtity of1238,0,2,2019-01-01 00:00:00,140,China,2019-01-02 00:00:00
538,Universtity of366,0,1,2019-06-09 00:00:00,133,China,2019-06-10 00:00:00
196,Universtity of1192,1,6,2019-05-01 00:00:00,127,China,2019-05-02 00:00:00
222,Universtity of679,1,6,2019-10-10 00:00:00,123,China,2019-10-11 00:00:00
291,Universtity of72,1,4,2019-06-02 00:00:00,131,China,2019-06-03 00:00:00
571,Universtity of1337,0,10,2019-02-24 00:00:00,133,China,2019-02-25 00:00:00
736,Universtity of899,0,3,2019-03-28 00:00:00,129,China,2019-03-29 00:00:00
795,Universtity of1367,1,5,2019-02-16 00:00:00,130,China,2019-02-17 00:00:00
180,Universtity of669,1,10,2019-09-19 00:00:00,132,China,2019-09-20 00:00:00
378,Universtity of533,1,3,2019-03-14 00:00:00,145,China,2019-03-15 00:00:00
241,Universtity of1092,1,2,2019-09-10 00:00:00,127,China,2019-09-11 00:00:00
603,Universtity of1266,0,3,2019-05-18 00:00:00,146,China,2019-05-19 00:00:00
22,Universtity of743,1,5,2019-02-04 00:00:00,145,China,2019-02-05 00:00:00
367,Universtity of670,1,1,2019-06-08 00:00:00,149,China,2019-06-09 00:00:00
778,Universtity of1277,1,1,2019-01-08 00:00:00,140,China,2019-01-09 00:00:00
431,Universtity of197,0,1,2019-07-26 00:00:00,137,China,2019-07-27 00:00:00
351,Universtity of763,1,10,2019-04-10 00:00:00,133,China,2019-04-11 00:00:00
504,Universtity of520,1,9,2019-07-04 00:00:00,149,China,2019-07-05 00:00:00
246,Universtity of17,0,2,2019-07-05 00:00:00,132,China,2019-07-06 00:00:00
267,Universtity of269,0,1,2019-08-14 00:00:00,123,China,2019-08-15 00:00:00
19,Universtity of90,1,9,2019-06-22 00:00:00,143,China,2019-06-23 00:00:00
260,Universtity of1375,0,9,2019-05-03 00:00:00,139,China,2019-05-04 00:00:00
92,Universtity of675,0,3,2019-08-20 00:00:00,130,China,2019-08-21 00:00:00
594,Universtity of672,0,2,2019-10-03 00:00:00,145,China,2019-10-04 00:00:00
654,Universtity of987,1,3,2019-07-24 00:00:00,143,China,2019-07-25 00:00:00
176,Universtity of882,0,6,2019-01-12 00:00:00,142,China,2019-01-13 00:00:00
268,Universtity of262,0,6,2019-10-06 00:00:00,130,China,2019-10-07 00:00:00
223,Universtity of1273,0,6,2019-07-28 00:00:00,122,China,2019-07-29 00:00:00
746,Universtity of797,0,7,2019-04-01 00:00:00,135,China,2019-04-02 00:00:00
416,Universtity of202,1,10,2019-08-30 00:00:00,126,China,2019-08-31 00:00:00
474,Universtity of1317,1,10,2019-10-04 00:00:00,124,China,2019-10-05 00:00:00
677,Universtity of208,0,2,2019-10-21 00:00:00,128,China,2019-10-22 00:00:00
65,Universtity of171,1,8,2019-10-10 00:00:00,144,China,2019-10-11 00:00:00
718,Universtity of899,1,1,2019-08-24 00:00:00,99,Canada,2019-08-25 00:00:00
625,Universtity of1370,1,3,2019-04-12 00:00:00,91,Canada,2019-04-13 00:00:00
716,Universtity of461,0,4,2019-03-12 00:00:00,96,Canada,2019-03-13 00:00:00
693,Universtity of1127,0,7,2019-01-03 00:00:00,104,Canada,2019-01-04 00:00:00
542,Universtity of50,1,3,2019-07-10 00:00:00,98,Canada,2019-07-11 00:00:00
82,Universtity of359,0,4,2019-05-18 00:00:00,101,Canada,2019-05-19 00:00:00
259,Universtity of953,0,0,2019-03-28 00:00:00,107,Canada,2019-03-29 00:00:00
633,Universtity of1322,0,1,2019-05-10 00:00:00,115,Canada,2019-05-11 00:00:00
659,Universtity of1000,1,4,2019-02-13 00:00:00,119,Canada,2019-02-14 00:00:00
45,Universtity of1170,0,6,2019-08-03 00:00:00,98,Canada,2019-08-04 00:00:00
742,Universtity of960,1,6,2019-03-25 00:00:00,96,Canada,2019-03-26 00:00:00
389,Universtity of1283,0,9,2019-07-03 00:00:00,108,Canada,2019-07-04 00:00:00
119,Universtity of522,0,2,2019-05-07 00:00:00,119,Canada,2019-05-08 00:00:00
723,Universtity of590,1,3,2019-02-02 00:00:00,114,Canada,2019-02-03 00:00:00
76,Universtity of595,1,5,2019-10-13 00:00:00,117,Canada,2019-10-14 00:00:00
62,Universtity of1241,1,6,2019-07-26 00:00:00,106,Canada,2019-07-27 00:00:00
551,Universtity of1196,1,9,2019-05-13 00:00:00,91,Canada,2019-05-14 00:00:00
189,Universtity of868,1,9,2019-05-14 00:00:00,110,Canada,2019-05-15 00:00:00
369,Universtity of1389,1,8,2019-04-09 00:00:00,119,Canada,2019-04-10 00:00:00
592,Universtity of421,1,6,2019-09-06 00:00:00,115,Canada,2019-09-07 00:00:00
548,Universtity of39,1,10,2019-07-20 00:00:00,98,Canada,2019-07-21 00:00:00
47,Universtity of826,1,0,2019-07-26 00:00:00,114,Canada,2019-07-27 00:00:00
430,Universtity of1255,1,3,2019-08-28 00:00:00,93,Canada,2019-08-29 00:00:00
73,Universtity of1097,1,9,2019-01-22 00:00:00,111,Canada,2019-01-23 00:00:00
307,Universtity of407,1,10,2019-09-23 00:00:00,103,Canada,2019-09-24 00:00:00
626,Universtity of158,1,0,2019-09-03 00:00:00,98,Canada,2019-09-04 00:00:00
140,Universtity of52,0,4,2019-01-19 00:00:00,101,Canada,2019-01-20 00:00:00
46,Universtity of147,1,9,2019-05-08 00:00:00,102,Canada,2019-05-09 00:00:00
184,Universtity of1257,1,8,2019-04-09 00:00:00,99,Canada,2019-04-10 00:00:00
174,Universtity of740,1,4,2019-03-10 00:00:00,105,Canada,2019-03-11 00:00:00
480,Universtity of1215,1,10,2019-04-27 00:00:00,115,Canada,2019-04-28 00:00:00
437,Universtity of728,1,9,2019-04-18 00:00:00,106,Canada,2019-04-19 00:00:00
349,Universtity of1328,0,8,2019-08-05 00:00:00,96,Canada,2019-08-06 00:00:00
161,Universtity of355,1,7,2019-08-27 00:00:00,117,Canada,2019-08-28 00:00:00
792,Universtity of492,1,0,2019-04-29 00:00:00,118,Canada,2019-04-30 00:00:00
506,Universtity of768,1,0,2019-06-24 00:00:00,116,Canada,2019-06-25 00:00:00
90,Universtity of1277,0,10,2019-07-18 00:00:00,95,Canada,2019-07-19 00:00:00
709,Universtity of880,0,8,2019-08-11 00:00:00,91,Canada,2019-08-12 00:00:00
415,Universtity of550,0,3,2019-05-14 00:00:00,105,Canada,2019-05-15 00:00:00
837,Universtity of566,1,8,2019-02-17 00:00:00,96,Canada,2019-02-18 00:00:00
491,Universtity of824,0,3,2019-08-23 00:00:00,95,Canada,2019-08-24 00:00:00
530,Universtity of573,1,9,2019-04-24 00:00:00,107,Canada,2019-04-25 00:00:00
591,Universtity of1176,1,9,2019-02-05 00:00:00,119,Canada,2019-02-06 00:00:00
74,Universtity of1196,1,4,2019-01-10 00:00:00,106,Canada,2019-01-11 00:00:00
696,Universtity of1058,0,10,2019-05-20 00:00:00,105,Canada,2019-05-21 00:00:00
329,Universtity of312,0,0,2019-01-18 00:00:00,96,Canada,2019-01-19 00:00:00
740,Universtity of338,0,3,2019-02-17 00:00:00,110,Canada,2019-02-18 00:00:00
17,Universtity of11,1,3,2019-01-25 00:00:00,96,Canada,2019-01-26 00:00:00
513,Universtity of173,1,8,2019-02-26 00:00:00,111,Canada,2019-02-27 00:00:00
658,Universtity of1204,1,3,2019-04-06 00:00:00,103,Canada,2019-04-07 00:00:00
602,Universtity of11,1,0,2019-01-10 00:00:00,97,Canada,2019-01-11 00:00:00
811,Universtity of308,1,9,2019-06-21 00:00:00,96,Canada,2019-06-22 00:00:00
838,Universtity of453,1,5,2019-08-04 00:00:00,99,Canada,2019-08-05 00:00:00
730,Universtity of692,0,5,2019-09-22 00:00:00,101,Canada,2019-09-23 00:00:00
392,Universtity of301,1,6,2019-08-24 00:00:00,115,Canada,2019-08-25 00:00:00
805,Universtity of487,1,8,2019-10-24 00:00:00,117,Canada,2019-10-25 00:00:00
803,Universtity of27,0,10,2019-09-07 00:00:00,107,Canada,2019-09-08 00:00:00
397,Universtity of204,1,3,2019-07-19 00:00:00,106,Canada,2019-07-20 00:00:00
332,Universtity of1315,0,10,2019-06-25 00:00:00,100,Canada,2019-06-26 00:00:00
509,Universtity of1249,1,0,2019-06-23 00:00:00,110,Canada,2019-06-24 00:00:00
224,Universtity of260,0,3,2019-05-17 00:00:00,95,Canada,2019-05-18 00:00:00
124,Universtity of1062,0,0,2019-03-27 00:00:00,104,Canada,2019-03-28 00:00:00
646,Universtity of551,1,9,2019-02-13 00:00:00,96,Canada,2019-02-14 00:00:00
833,Universtity of686,0,9,2019-04-09 00:00:00,97,Canada,2019-04-10 00:00:00
147,Universtity of1090,0,1,2019-09-10 00:00:00,119,Canada,2019-09-11 00:00:00
58,Universtity of1108,0,0,2019-03-16 00:00:00,118,Canada,2019-03-17 00:00:00
481,Universtity of679,0,1,2019-03-07 00:00:00,115,Canada,2019-03-08 00:00:00
525,Universtity of1256,1,10,2019-05-26 00:00:00,100,Canada,2019-05-27 00:00:00
465,Universtity of621,0,6,2019-04-13 00:00:00,91,Canada,2019-04-14 00:00:00
540,Universtity of716,0,1,2019-01-03 00:00:00,98,Canada,2019-01-04 00:00:00
432,Universtity of891,0,4,2019-10-27 00:00:00,101,Canada,2019-10-28 00:00:00
197,Universtity of440,0,1,2019-03-19 00:00:00,118,Canada,2019-03-20 00:00:00
141,Universtity of816,0,7,2019-05-01 00:00:00,115,Canada,2019-05-02 00:00:00
820,Universtity of263,1,1,2019-04-20 00:00:00,102,Canada,2019-04-21 00:00:00
253,Universtity of604,0,0,2019-05-17 00:00:00,103,Canada,2019-05-18 00:00:00
145,Universtity of863,1,7,2019-06-21 00:00:00,98,Canada,2019-06-22 00:00:00
61,Universtity of627,0,0,2019-08-18 00:00:00,118,Canada,2019-08-19 00:00:00
234,Universtity of697,0,2,2019-01-16 00:00:00,102,Canada,2019-01-17 00:00:00
38,Universtity of1175,0,0,2019-09-06 00:00:00,113,Canada,2019-09-07 00:00:00
544,Universtity of816,1,9,2019-01-21 00:00:00,90,Canada,2019-01-22 00:00:00
445,Universtity of1311,1,2,2019-01-07 00:00:00,118,Canada,2019-01-08 00:00:00
121,Universtity of240,1,5,2019-08-05 00:00:00,94,Canada,2019-08-06 00:00:00
371,Universtity of952,1,10,2019-03-03 00:00:00,115,Canada,2019-03-04 00:00:00
122,Universtity of938,1,10,2019-10-01 00:00:00,111,Canada,2019-10-02 00:00:00
269,Universtity of768,1,9,2019-07-22 00:00:00,108,Canada,2019-07-23 00:00:00
643,Universtity of521,0,9,2019-02-23 00:00:00,109,Canada,2019-02-24 00:00:00
282,Universtity of1394,0,1,2019-08-21 00:00:00,105,Canada,2019-08-22 00:00:00
610,Universtity of977,0,5,2019-06-30 00:00:00,113,Canada,2019-07-01 00:00:00
134,Universtity of537,0,0,2019-02-22 00:00:00,119,Canada,2019-02-23 00:00:00
117,Universtity of805,1,4,2019-03-23 00:00:00,118,Canada,2019-03-24 00:00:00
593,Universtity of1384,0,8,2019-01-21 00:00:00,97,Canada,2019-01-22 00:00:00
482,Universtity of961,1,7,2019-08-21 00:00:00,90,Canada,2019-08-22 00:00:00
526,Universtity of1247,1,8,2019-06-15 00:00:00,112,Canada,2019-06-16 00:00:00
692,Universtity of1199,1,1,2019-06-01 00:00:00,99,Canada,2019-06-02 00:00:00
840,Universtity of1357,1,1,2019-06-25 00:00:00,118,Canada,2019-06-26 00:00:00
423,Universtity of1045,0,1,2019-10-23 00:00:00,119,Canada,2019-10-24 00:00:00
444,Universtity of916,1,4,2019-09-26 00:00:00,95,Canada,2019-09-27 00:00:00
136,Universtity of1299,1,3,2019-10-14 00:00:00,95,Canada,2019-10-15 00:00:00
630,Universtity of924,0,5,2019-01-20 00:00:00,99,Canada,2019-01-21 00:00:00
278,Universtity of659,1,7,2019-03-24 00:00:00,98,Canada,2019-03-25 00:00:00
816,Universtity of1380,1,6,2019-04-30 00:00:00,110,Canada,2019-05-01 00:00:00
741,Universtity of1317,1,9,2019-04-20 00:00:00,90,Canada,2019-04-21 00:00:00
721,Universtity of1167,1,5,2019-10-15 00:00:00,101,Canada,2019-10-16 00:00:00
155,Universtity of700,1,7,2019-09-19 00:00:00,92,Canada,2019-09-20 00:00:00
85,Universtity of843,0,4,2019-05-17 00:00:00,114,Canada,2019-05-18 00:00:00
587,Universtity of1254,1,0,2019-01-13 00:00:00,116,Canada,2019-01-14 00:00:00
639,Universtity of999,1,8,2019-09-06 00:00:00,102,Canada,2019-09-07 00:00:00
358,Universtity of1037,0,5,2019-03-14 00:00:00,104,Canada,2019-03-15 00:00:00
311,Universtity of712,1,4,2019-09-21 00:00:00,97,Canada,2019-09-22 00:00:00
402,Universtity of948,1,1,2019-04-19 00:00:00,99,Canada,2019-04-20 00:00:00
768,Universtity of1015,1,0,2019-08-17 00:00:00,92,Canada,2019-08-18 00:00:00
458,Universtity of433,1,7,2019-03-04 00:00:00,119,Canada,2019-03-05 00:00:00
572,Universtity of472,1,6,2019-07-04 00:00:00,92,Canada,2019-07-05 00:00:00
523,Universtity of1220,1,1,2019-10-18 00:00:00,112,Canada,2019-10-19 00:00:00
64,Universtity of1391,0,7,2019-03-02 00:00:00,91,Canada,2019-03-03 00:00:00
661,Universtity of404,0,3,2019-01-29 00:00:00,94,Canada,2019-01-30 00:00:00
460,Universtity of1135,1,2,2019-07-27 00:00:00,91,Canada,2019-07-28 00:00:00
54,Universtity of97,0,3,2019-05-09 00:00:00,102,Canada,2019-05-10 00:00:00
